{"cameraMode":{"drawMode":0,"name":"Shaded","section":"Shading Mode"},"sceneLighting":true,"audioPlay":false,"sceneViewState":{"showFog":true,"showMaterialUpdate":false,"showSkybox":true,"showFlares":true,"showImageEffects":true,"showParticleSystems":true},"in2DMode":false,"pivot":{"x":16.217514038085939,"y":-8.153565406799317,"z":-0.7196608781814575},"rotation":{"x":0.5978078842163086,"y":-0.17286577820777894,"z":0.13399529457092286,"w":0.7712247967720032},"size":32.739044189453128,"orthographic":true}